season,source,week,team,source_team_name,opponent,source_opponent_name,H,AB,R,HR,RBI,BB,SO,TB,AVG,NSB,IP,W,L,K,ERA,WHIP,QS,BSV,SVH,official_score_for,official_score_against,phase,round,tiebreak_winner,tiebreak_note
2024,yahoo,1,BB's Bold Team,BB's Bold Team,John's Super Team,John's Super Team,116,472,63,13,69,53,107,178,0.246,4,68.2,5,2,81,2.1,0.89,5,1,2,6,7,regular,,,
2024,yahoo,1,BTA Boyz,The Lonely Bin,Goodyear Gila Monsters,Goodyear Gila Monsters,108,386,54,18,66,31,97,180,0.28,5,55.0,3,2,59,2.78,1.05,4,2,6,6,10,regular,,,
2024,yahoo,1,Dixon Cider,Dixon Cider,Me So Heorny,Me so Hoerny,134,493,98,24,71,51,105,237,0.272,6,114.1,6,9,128,2.76,1.04,8,1,10,10,4,regular,,,
2024,yahoo,1,Goodyear Gila Monsters,Goodyear Gila Monsters,BTA Boyz,The Lonely Bin,132,545,80,20,60,51,134,228,0.242,10,129.2,7,4,148,4.37,1.28,8,1,8,10,6,regular,,,
2024,yahoo,1,Gunnarrhea,Gunnarrhea,You Don't Know Bo,You Don't Kno Bo,104,483,65,11,48,62,110,164,0.215,10,125.0,8,10,127,4.39,1.36,8,2,3,10,6,regular,,,
2024,yahoo,1,John's Super Team,John's Super Team,BB's Bold Team,BB's Bold Team,114,460,55,15,67,53,103,177,0.248,6,63.2,7,2,77,2.83,1.15,6,1,3,7,6,regular,,,
2024,yahoo,1,Mactown MacDaddies,Mactown MacDaddies,This Is Mizerable,I have a Bohmer,135,465,73,12,75,54,114,206,0.29,0,50.1,3,4,50,4.11,1.43,1,2,8,7,8,regular,,,
2024,yahoo,1,Me So Heorny,Me so Hoerny,Dixon Cider,Dixon Cider,120,485,89,27,72,59,111,228,0.247,0,107.2,6,8,111,4.01,1.3,6,1,1,4,10,regular,,,
2024,yahoo,1,This Is Mizerable,I have a Bohmer,Mactown MacDaddies,Mactown MacDaddies,107,480,62,21,75,46,129,186,0.223,13,104.0,7,5,86,3.12,1.13,8,1,6,8,7,regular,,,
2024,yahoo,1,You Don't Know Bo,You Don't Kno Bo,Gunnarrhea,Gunnarrhea,96,372,43,8,43,46,91,143,0.258,5,70.2,4,5,66,3.31,1,3,0,1,6,10,regular,,,
2024,yahoo,2,BB's Bold Team,BB's Bold Team,You Don't Know Bo,You Don't Kno Bo,76,295,39,5,36,36,52,111,0.258,5,33.1,3,2,30,4.59,1.44,0,0,4,7,8,regular,,,
2024,yahoo,2,BTA Boyz,The Lonely Bin,Gunnarrhea,Gunnarrhea,70,232,51,14,39,43,51,123,0.302,3,23.2,1,1,21,1.9,1.31,2,0,4,8,8,regular,,,
2024,yahoo,2,Dixon Cider,Dixon Cider,This Is Mizerable,I have a Bohmer,76,299,50,16,47,39,69,141,0.254,6,73.2,4,3,63,4.52,1.37,3,0,3,12,3,regular,,,
2024,yahoo,2,Goodyear Gila Monsters,Goodyear Gila Monsters,Mactown MacDaddies,Mactown MacDaddies,83,323,54,13,42,26,68,141,0.257,3,71.0,7,2,62,2.92,1.2,7,2,0,12,3,regular,,,
2024,yahoo,2,Gunnarrhea,Gunnarrhea,BTA Boyz,The Lonely Bin,85,308,54,13,46,28,68,142,0.276,12,75.1,5,3,82,3.11,1.08,7,2,3,8,8,regular,,,
2024,yahoo,2,John's Super Team,John's Super Team,Me So Heorny,Me so Hoerny,90,324,55,13,54,30,88,160,0.278,1,65.0,5,2,67,3.88,1.2,3,0,7,12,3,regular,,,
2024,yahoo,2,Mactown MacDaddies,Mactown MacDaddies,Goodyear Gila Monsters,Goodyear Gila Monsters,67,310,35,10,31,35,78,111,0.216,3,37.0,2,5,31,7.3,1.73,2,1,5,3,12,regular,,,
2024,yahoo,2,Me So Heorny,Me so Hoerny,John's Super Team,John's Super Team,78,300,33,10,48,33,74,127,0.26,0,97.1,2,13,100,4.9,1.39,3,1,2,3,12,regular,,,
2024,yahoo,2,This Is Mizerable,I have a Bohmer,Dixon Cider,Dixon Cider,75,320,36,11,41,31,73,121,0.234,4,57.0,2,4,58,4.42,1.32,3,1,6,3,12,regular,,,
2024,yahoo,2,You Don't Know Bo,You Don't Kno Bo,BB's Bold Team,BB's Bold Team,75,300,38,8,39,35,79,119,0.25,5,64.0,7,3,71,2.95,1.03,6,1,2,8,7,regular,,,
2024,yahoo,3,BB's Bold Team,BB's Bold Team,BTA Boyz,The Lonely Bin,78,312,43,7,39,30,77,116,0.25,0,70.0,4,4,76,3.34,1.21,7,0,5,12,4,regular,,,
2024,yahoo,3,BTA Boyz,The Lonely Bin,BB's Bold Team,BB's Bold Team,60,262,36,8,28,28,68,95,0.229,4,29.0,2,1,30,3.72,1.28,1,1,2,4,12,regular,,,
2024,yahoo,3,Dixon Cider,Dixon Cider,Mactown MacDaddies,Mactown MacDaddies,87,316,44,10,41,29,62,135,0.275,11,46.1,5,3,52,3.88,1.12,4,2,2,9,6,regular,,,
2024,yahoo,3,Goodyear Gila Monsters,Goodyear Gila Monsters,Gunnarrhea,Gunnarrhea,74,289,48,7,34,48,59,112,0.256,4,94.0,6,2,89,2.87,1.15,6,1,6,7,7,regular,,,
2024,yahoo,3,Gunnarrhea,Gunnarrhea,Goodyear Gila Monsters,Goodyear Gila Monsters,76,291,46,11,38,32,76,123,0.261,9,84.1,5,3,97,2.99,1.16,6,0,6,7,7,regular,,,
2024,yahoo,3,John's Super Team,John's Super Team,This Is Mizerable,I have a Bohmer,83,306,41,12,45,27,69,137,0.271,7,48.0,6,3,43,3.38,1.17,4,2,4,8,6,regular,,,
2024,yahoo,3,Mactown MacDaddies,Mactown MacDaddies,Dixon Cider,Dixon Cider,59,269,32,6,44,37,62,91,0.219,2,61.0,4,4,54,3.69,1.3,3,0,3,6,9,regular,,,
2024,yahoo,3,Me So Heorny,Me so Hoerny,You Don't Know Bo,You Don't Kno Bo,86,312,48,10,42,41,63,140,0.276,6,75.2,3,4,72,3.57,1.11,8,2,1,9,6,regular,,,
2024,yahoo,3,This Is Mizerable,I have a Bohmer,John's Super Team,John's Super Team,62,285,29,6,34,32,68,93,0.218,7,53.0,5,2,45,3.74,1.26,5,2,5,6,8,regular,,,
2024,yahoo,3,You Don't Know Bo,You Don't Kno Bo,Me So Heorny,Me so Hoerny,53,282,29,4,20,28,92,72,0.188,4,64.2,5,2,56,1.67,0.96,8,0,5,6,9,regular,,,
2024,yahoo,4,BB's Bold Team,BB's Bold Team,Gunnarrhea,Gunnarrhea,75,285,38,15,44,25,64,134,0.263,2,52.0,2,3,53,5.54,1.54,2,0,4,5,10,regular,,,
2024,yahoo,4,BTA Boyz,The Lonely Bin,Me So Heorny,Me so Hoerny,68,268,41,13,34,31,57,121,0.254,7,33.1,2,3,31,4.32,1.17,0,0,3,5,10,regular,,,
2024,yahoo,4,Dixon Cider,Dixon Cider,Goodyear Gila Monsters,Goodyear Gila Monsters,62,289,35,12,43,30,82,113,0.215,5,65.2,4,2,66,2.33,1.11,5,0,4,6,9,regular,,,
2024,yahoo,4,Goodyear Gila Monsters,Goodyear Gila Monsters,Dixon Cider,Dixon Cider,76,304,34,7,32,32,74,112,0.25,13,87.0,7,4,85,2.38,0.98,10,0,6,9,6,regular,,,
2024,yahoo,4,Gunnarrhea,Gunnarrhea,BB's Bold Team,BB's Bold Team,92,332,60,13,35,24,67,153,0.277,7,92.1,6,5,96,3.31,1,8,0,5,10,5,regular,,,
2024,yahoo,4,John's Super Team,John's Super Team,Mactown MacDaddies,Mactown MacDaddies,61,287,31,6,26,28,78,93,0.213,6,46.0,2,3,43,3.33,1.22,4,2,5,6,10,regular,,,
2024,yahoo,4,Mactown MacDaddies,Mactown MacDaddies,John's Super Team,John's Super Team,69,293,36,13,43,37,80,122,0.235,1,56.0,3,5,53,4.66,1.36,3,0,8,10,6,regular,,,
2024,yahoo,4,Me So Heorny,Me so Hoerny,BTA Boyz,The Lonely Bin,85,316,47,8,35,28,69,127,0.269,8,96.2,5,6,100,3.82,1.24,5,0,4,10,5,regular,,,
2024,yahoo,4,This Is Mizerable,I have a Bohmer,You Don't Know Bo,You Don't Kno Bo,89,317,40,9,39,18,56,136,0.281,4,59.0,4,3,56,5.49,1.41,3,3,2,8,7,regular,,,
2024,yahoo,4,You Don't Know Bo,You Don't Kno Bo,This Is Mizerable,I have a Bohmer,64,291,27,5,29,20,73,97,0.22,3,54.2,6,1,65,3.79,1.24,2,1,2,7,8,regular,,,
2024,yahoo,5,BB's Bold Team,BB's Bold Team,Goodyear Gila Monsters,Goodyear Gila Monsters,61,278,24,8,29,21,63,97,0.219,3,52.2,4,2,59,3.59,0.99,5,1,6,4,12,regular,,,
2024,yahoo,5,BTA Boyz,The Lonely Bin,This Is Mizerable,I have a Bohmer,68,270,33,9,33,28,65,111,0.252,6,41.2,4,1,40,3.46,1.2,3,0,4,9,6,regular,,,
2024,yahoo,5,Dixon Cider,Dixon Cider,John's Super Team,John's Super Team,63,302,29,11,34,28,89,109,0.209,6,53.2,5,1,65,1.34,0.65,6,1,4,8,7,regular,,,
2024,yahoo,5,Goodyear Gila Monsters,Goodyear Gila Monsters,BB's Bold Team,BB's Bold Team,82,302,45,11,43,30,60,145,0.272,5,73.2,3,6,85,3.54,1.17,6,0,3,12,4,regular,,,
2024,yahoo,5,Gunnarrhea,Gunnarrhea,Me So Heorny,Me so Hoerny,79,306,36,8,37,18,89,115,0.258,9,74.2,7,5,66,4.22,1.3,6,1,2,4,10,regular,,,
2024,yahoo,5,John's Super Team,John's Super Team,Dixon Cider,Dixon Cider,74,314,40,9,44,21,69,123,0.236,7,40.1,3,3,33,3.57,1.19,4,0,4,7,8,regular,,,
2024,yahoo,5,Mactown MacDaddies,Mactown MacDaddies,You Don't Know Bo,You Don't Kno Bo,64,275,42,8,37,43,62,111,0.233,7,67.0,4,4,55,3.22,1,5,0,4,14,2,regular,,,
2024,yahoo,5,Me So Heorny,Me so Hoerny,Gunnarrhea,Gunnarrhea,68,305,31,12,39,44,87,116,0.223,5,101.1,4,5,100,3.73,1.22,7,1,3,10,4,regular,,,
2024,yahoo,5,This Is Mizerable,I have a Bohmer,BTA Boyz,The Lonely Bin,74,272,40,5,25,28,77,104,0.272,7,44.0,3,3,51,2.86,1.25,1,1,6,6,9,regular,,,
2024,yahoo,5,You Don't Know Bo,You Don't Kno Bo,Mactown MacDaddies,Mactown MacDaddies,35,262,17,1,18,23,63,49,0.134,1,60.2,5,5,74,4.15,1.1,4,2,2,2,14,regular,,,
2024,yahoo,6,BB's Bold Team,BB's Bold Team,Me So Heorny,Me so Hoerny,63,281,33,17,47,31,69,128,0.224,5,64.0,8,4,53,2.25,1.03,6,0,6,8,6,regular,,,
2024,yahoo,6,BTA Boyz,The Lonely Bin,Mactown MacDaddies,Mactown MacDaddies,73,278,35,9,30,16,59,116,0.263,3,56.2,4,3,44,3.49,1.04,7,0,5,10,6,regular,,,
2024,yahoo,6,Dixon Cider,Dixon Cider,You Don't Know Bo,You Don't Kno Bo,72,287,40,15,50,28,75,139,0.251,4,77.0,2,8,67,3.62,1.16,7,1,2,10,5,regular,,,
2024,yahoo,6,Goodyear Gila Monsters,Goodyear Gila Monsters,John's Super Team,John's Super Team,77,293,47,16,44,22,60,143,0.263,11,67.2,5,4,60,3.46,1.2,8,0,5,9,5,regular,,,
2024,yahoo,6,Gunnarrhea,Gunnarrhea,This Is Mizerable,I have a Bohmer,53,260,25,5,17,32,67,79,0.204,2,91.1,5,2,114,2.46,0.94,6,0,4,8,8,regular,,,
2024,yahoo,6,John's Super Team,John's Super Team,Goodyear Gila Monsters,Goodyear Gila Monsters,72,285,44,11,38,26,64,115,0.253,3,44.2,5,2,46,3.22,0.9,4,0,7,5,9,regular,,,
2024,yahoo,6,Mactown MacDaddies,Mactown MacDaddies,BTA Boyz,The Lonely Bin,62,266,39,11,38,28,70,114,0.233,5,41.2,2,1,41,6.26,1.68,3,2,2,6,10,regular,,,
2024,yahoo,6,Me So Heorny,Me so Hoerny,BB's Bold Team,BB's Bold Team,89,305,34,10,46,31,62,141,0.292,3,127.0,4,8,114,4.11,1.29,9,0,2,6,8,regular,,,
2024,yahoo,6,This Is Mizerable,I have a Bohmer,Gunnarrhea,Gunnarrhea,89,300,39,10,43,25,53,140,0.297,6,75.0,7,5,69,3.96,1.51,5,2,3,8,8,regular,,,
2024,yahoo,6,You Don't Know Bo,You Don't Kno Bo,Dixon Cider,Dixon Cider,50,276,22,6,24,22,65,77,0.181,-1,69.0,6,3,72,4.3,1.17,5,1,3,5,10,regular,,,
2024,yahoo,7,BB's Bold Team,BB's Bold Team,This Is Mizerable,I have a Bohmer,83,323,44,14,44,22,82,145,0.257,3,60.0,7,3,82,4.95,1.28,4,2,6,6,8,regular,,,
2024,yahoo,7,BTA Boyz,The Lonely Bin,Dixon Cider,Dixon Cider,56,261,22,6,31,21,62,90,0.215,3,48.2,4,3,52,2.59,1.03,5,0,2,2,12,regular,,,
2024,yahoo,7,Dixon Cider,Dixon Cider,BTA Boyz,The Lonely Bin,68,295,37,10,33,23,67,119,0.231,5,76.1,4,1,85,1.65,0.81,8,0,12,12,2,regular,,,
2024,yahoo,7,Goodyear Gila Monsters,Goodyear Gila Monsters,Me So Heorny,Me so Hoerny,70,290,44,7,32,35,78,112,0.241,10,83.1,5,6,77,2.59,1.13,6,2,7,7,9,regular,,,
2024,yahoo,7,Gunnarrhea,Gunnarrhea,Mactown MacDaddies,Mactown MacDaddies,70,293,43,15,35,29,72,128,0.239,4,90.2,7,8,88,3.87,1.08,6,2,6,6,10,regular,,,
2024,yahoo,7,John's Super Team,John's Super Team,You Don't Know Bo,You Don't Kno Bo,63,306,36,8,30,28,70,103,0.206,0,49.0,3,1,48,1.47,1.06,5,0,12,12,2,regular,,,
2024,yahoo,7,Mactown MacDaddies,Mactown MacDaddies,Gunnarrhea,Gunnarrhea,86,288,54,9,43,52,50,134,0.299,7,57.1,1,6,50,5.49,1.57,2,0,10,10,6,regular,,,
2024,yahoo,7,Me So Heorny,Me so Hoerny,Goodyear Gila Monsters,Goodyear Gila Monsters,76,290,34,13,36,25,74,134,0.262,0,119.2,6,10,107,4.06,1.3,7,1,9,9,7,regular,,,
2024,yahoo,7,This Is Mizerable,I have a Bohmer,BB's Bold Team,BB's Bold Team,88,324,43,12,48,25,78,143,0.272,3,66.0,6,3,48,2.86,0.97,3,1,8,8,6,regular,,,
2024,yahoo,7,You Don't Know Bo,You Don't Kno Bo,John's Super Team,John's Super Team,68,276,34,7,26,26,71,101,0.246,2,44.0,3,3,45,4.3,1.43,3,0,2,2,12,regular,,,
2024,yahoo,8,BB's Bold Team,BB's Bold Team,Mactown MacDaddies,Mactown MacDaddies,67,284,25,10,37,30,64,108,0.236,4,72.0,5,4,79,2.88,1.04,3,1,6,6,10,regular,,,
2024,yahoo,8,BTA Boyz,The Lonely Bin,John's Super Team,John's Super Team,79,282,53,14,31,24,55,150,0.28,3,31.1,0,4,25,5.17,1.4,2,0,8,8,7,regular,,,
2024,yahoo,8,Dixon Cider,Dixon Cider,Gunnarrhea,Gunnarrhea,76,312,47,18,51,27,92,153,0.244,6,58.1,2,7,62,5.55,1.46,3,1,6,6,10,regular,,,
2024,yahoo,8,Goodyear Gila Monsters,Goodyear Gila Monsters,You Don't Know Bo,You Don't Kno Bo,90,355,54,20,52,34,93,174,0.254,5,86.1,4,5,72,2.71,1.11,9,1,10,10,4,regular,,,
2024,yahoo,8,Gunnarrhea,Gunnarrhea,Dixon Cider,Dixon Cider,67,304,38,11,39,40,71,112,0.22,7,91.2,9,3,91,3.04,0.97,10,2,10,10,6,regular,,,
2024,yahoo,8,John's Super Team,John's Super Team,BTA Boyz,The Lonely Bin,58,294,43,12,37,23,76,113,0.197,2,58.1,2,4,67,3.86,1.3,3,1,7,7,8,regular,,,
2024,yahoo,8,Mactown MacDaddies,Mactown MacDaddies,BB's Bold Team,BB's Bold Team,67,256,42,16,49,23,57,127,0.262,1,54.1,4,1,45,2.98,1.47,4,0,10,10,6,regular,,,
2024,yahoo,8,Me So Heorny,Me so Hoerny,This Is Mizerable,I have a Bohmer,62,309,32,12,33,30,76,111,0.201,2,106.1,7,10,108,4.74,1.31,6,1,8,8,8,regular,,,
2024,yahoo,8,This Is Mizerable,I have a Bohmer,Me So Heorny,Me so Hoerny,82,312,41,6,39,29,47,125,0.263,7,68.0,3,2,63,3.97,1.32,5,2,8,8,8,regular,,,
2024,yahoo,8,You Don't Know Bo,You Don't Kno Bo,Goodyear Gila Monsters,Goodyear Gila Monsters,84,310,36,11,48,15,71,134,0.271,5,58.0,4,4,59,5.43,1.34,3,0,4,4,10,regular,,,
2024,yahoo,9,BB's Bold Team,BB's Bold Team,Dixon Cider,Dixon Cider,69,298,32,9,44,30,74,112,0.232,5,31.2,3,2,39,4.83,1.45,2,1,4,4,10,regular,,,
2024,yahoo,9,BTA Boyz,The Lonely Bin,You Don't Know Bo,You Don't Kno Bo,60,273,33,3,29,20,62,92,0.22,2,39.0,3,2,41,2.08,0.87,5,1,7,7,6,regular,,,
2024,yahoo,9,Dixon Cider,Dixon Cider,BB's Bold Team,BB's Bold Team,82,298,43,13,44,24,73,138,0.275,2,82.0,4,6,85,4.5,1.24,3,1,10,10,4,regular,,,
2024,yahoo,9,Goodyear Gila Monsters,Goodyear Gila Monsters,This Is Mizerable,I have a Bohmer,90,332,48,11,37,29,88,139,0.271,3,75.1,7,4,74,2.99,1.08,7,1,10,10,5,regular,,,
2024,yahoo,9,Gunnarrhea,Gunnarrhea,John's Super Team,John's Super Team,73,286,41,10,33,37,67,126,0.255,1,90.0,5,1,97,3.4,1.06,7,0,4,9,4,regular,,,
2024,yahoo,9,John's Super Team,John's Super Team,Gunnarrhea,Gunnarrhea,68,279,43,10,44,30,82,115,0.244,4,59.0,4,3,62,2.44,1.08,4,0,4,4,9,regular,,,
2024,yahoo,9,Mactown MacDaddies,Mactown MacDaddies,Me So Heorny,Me so Hoerny,69,253,34,12,36,31,63,121,0.273,6,44.1,3,2,44,4.87,1.56,2,0,7,7,7,regular,,,
2024,yahoo,9,Me So Heorny,Me so Hoerny,Mactown MacDaddies,Mactown MacDaddies,79,331,43,11,38,31,73,130,0.239,1,92.1,1,4,107,2.92,1.17,7,1,7,7,7,regular,,,
2024,yahoo,9,This Is Mizerable,I have a Bohmer,Goodyear Gila Monsters,Goodyear Gila Monsters,79,326,41,10,42,29,80,129,0.242,1,62.0,3,3,53,4.35,1.45,4,0,5,5,10,regular,,,
2024,yahoo,9,You Don't Know Bo,You Don't Kno Bo,BTA Boyz,The Lonely Bin,64,277,38,9,27,25,81,103,0.231,0,48.0,3,3,52,4.31,1.31,3,1,6,6,7,regular,,,
2024,yahoo,10,BB's Bold Team,BB's Bold Team,John's Super Team,John's Super Team,85,313,38,13,42,21,71,152,0.272,8,39.2,3,1,38,2.72,1.01,3,0,2,10,4,regular,,,
2024,yahoo,10,BTA Boyz,The Lonely Bin,Goodyear Gila Monsters,Goodyear Gila Monsters,71,266,38,13,46,14,65,130,0.267,4,28.0,4,1,30,3.86,1.11,1,0,2,3,12,regular,,,
2024,yahoo,10,Dixon Cider,Dixon Cider,Me So Heorny,Me so Hoerny,89,323,57,14,50,33,71,153,0.276,8,79.0,7,2,78,3.76,1.19,6,0,5,12,1,regular,,,
2024,yahoo,10,Goodyear Gila Monsters,Goodyear Gila Monsters,BTA Boyz,The Lonely Bin,92,328,54,19,50,31,73,171,0.28,6,75.0,7,4,87,3.84,1.21,8,0,3,12,3,regular,,,
2024,yahoo,10,Gunnarrhea,Gunnarrhea,You Don't Know Bo,You Don't Kno Bo,61,284,37,10,37,30,69,103,0.215,3,62.1,5,5,73,2.6,0.79,6,0,4,9,6,regular,,,
2024,yahoo,10,John's Super Team,John's Super Team,BB's Bold Team,BB's Bold Team,64,270,33,10,36,29,73,104,0.237,7,48.0,5,3,39,2.81,1.15,3,0,5,4,10,regular,,,
2024,yahoo,10,Mactown MacDaddies,Mactown MacDaddies,This Is Mizerable,I have a Bohmer,60,262,30,5,22,33,62,91,0.229,6,49.0,1,3,53,5.33,1.37,2,1,6,4,11,regular,,,
2024,yahoo,10,Me So Heorny,Me so Hoerny,Dixon Cider,Dixon Cider,68,318,40,10,34,33,78,114,0.214,8,98.1,5,7,101,5.22,1.21,5,0,1,1,12,regular,,,
2024,yahoo,10,This Is Mizerable,I have a Bohmer,Mactown MacDaddies,Mactown MacDaddies,74,276,40,11,38,26,58,123,0.268,4,54.0,5,6,62,5.17,1.22,4,3,6,11,4,regular,,,
2024,yahoo,10,You Don't Know Bo,You Don't Kno Bo,Gunnarrhea,Gunnarrhea,73,285,44,10,38,22,60,123,0.256,5,39.2,0,6,32,7.94,1.61,0,1,1,6,9,regular,,,
2024,yahoo,11,BB's Bold Team,BB's Bold Team,You Don't Know Bo,You Don't Kno Bo,70,317,34,6,33,32,73,104,0.221,12,45.2,5,3,48,4.14,1.27,3,1,6,10,4,regular,,,
2024,yahoo,11,BTA Boyz,The Lonely Bin,Gunnarrhea,Gunnarrhea,61,287,46,11,23,23,70,104,0.213,5,31.2,2,3,27,4.83,1.39,1,1,3,4,11,regular,,,
2024,yahoo,11,Dixon Cider,Dixon Cider,This Is Mizerable,I have a Bohmer,77,297,53,21,57,25,58,159,0.259,6,80.1,4,7,77,3.92,1.28,7,1,3,8,8,regular,,,
2024,yahoo,11,Goodyear Gila Monsters,Goodyear Gila Monsters,Mactown MacDaddies,Mactown MacDaddies,104,338,44,15,57,29,72,177,0.308,3,67.1,6,3,66,4.14,1.14,7,0,3,11,4,regular,,,
2024,yahoo,11,Gunnarrhea,Gunnarrhea,BTA Boyz,The Lonely Bin,71,279,47,10,35,35,63,116,0.254,9,73.2,5,5,87,5.74,1.44,4,0,3,11,4,regular,,,
2024,yahoo,11,John's Super Team,John's Super Team,Me So Heorny,Me so Hoerny,84,278,48,15,54,37,56,142,0.302,6,63.0,7,1,54,2.43,1.03,6,0,4,13,2,regular,,,
2024,yahoo,11,Mactown MacDaddies,Mactown MacDaddies,Goodyear Gila Monsters,Goodyear Gila Monsters,67,266,34,9,34,26,58,111,0.252,5,55.2,3,4,51,3.07,1.35,3,0,8,4,11,regular,,,
2024,yahoo,11,Me So Heorny,Me so Hoerny,John's Super Team,John's Super Team,81,321,40,14,42,23,83,139,0.252,9,81.1,5,5,71,3.43,1.23,6,2,3,2,13,regular,,,
2024,yahoo,11,This Is Mizerable,I have a Bohmer,Dixon Cider,Dixon Cider,62,289,28,5,33,32,61,91,0.215,9,68.2,5,3,60,2.88,1.17,3,0,6,8,8,regular,,,
2024,yahoo,11,You Don't Know Bo,You Don't Kno Bo,BB's Bold Team,BB's Bold Team,57,271,27,7,22,13,69,90,0.21,3,56.0,5,5,52,5.14,1.29,4,1,3,4,10,regular,,,
2024,yahoo,12,BB's Bold Team,BB's Bold Team,BTA Boyz,The Lonely Bin,95,308,50,15,55,25,67,163,0.308,4,50.0,4,4,39,3.24,1.04,5,2,2,7,8,regular,,,
2024,yahoo,12,BTA Boyz,The Lonely Bin,BB's Bold Team,BB's Bold Team,63,253,40,7,32,15,61,104,0.249,4,59.0,5,2,56,2.59,1.05,6,0,5,8,7,regular,,,
2024,yahoo,12,Dixon Cider,Dixon Cider,Mactown MacDaddies,Mactown MacDaddies,92,312,55,25,63,32,73,185,0.295,5,73.0,6,5,58,4.93,1.36,6,0,3,10,6,regular,,,
2024,yahoo,12,Goodyear Gila Monsters,Goodyear Gila Monsters,Gunnarrhea,Gunnarrhea,79,332,43,19,49,22,83,150,0.238,4,75.2,3,5,74,3.21,1.24,5,0,4,6,10,regular,,,
2024,yahoo,12,Gunnarrhea,Gunnarrhea,Goodyear Gila Monsters,Goodyear Gila Monsters,81,310,41,12,36,29,84,136,0.261,5,69.0,5,2,87,3.13,1.01,7,1,6,10,6,regular,,,
2024,yahoo,12,John's Super Team,John's Super Team,This Is Mizerable,I have a Bohmer,83,296,56,14,43,30,65,149,0.28,0,49.2,3,6,40,6.16,1.33,1,3,5,8,7,regular,,,
2024,yahoo,12,Mactown MacDaddies,Mactown MacDaddies,Dixon Cider,Dixon Cider,83,280,46,17,49,27,62,152,0.296,4,44.1,3,2,34,2.03,1.06,3,1,8,6,10,regular,,,
2024,yahoo,12,Me So Heorny,Me so Hoerny,You Don't Know Bo,You Don't Kno Bo,84,326,39,13,35,27,86,138,0.258,5,74.2,4,6,64,4.94,1.35,6,0,5,7,6,regular,,,
2024,yahoo,12,This Is Mizerable,I have a Bohmer,John's Super Team,John's Super Team,87,303,39,10,42,24,66,142,0.287,6,47.1,3,4,50,5.32,1.37,2,2,3,7,8,regular,,,
2024,yahoo,12,You Don't Know Bo,You Don't Kno Bo,Me So Heorny,Me so Hoerny,56,251,25,8,19,13,60,94,0.223,6,61.1,5,1,64,2.64,0.93,6,0,2,6,7,regular,,,
2024,yahoo,13,BB's Bold Team,BB's Bold Team,Gunnarrhea,Gunnarrhea,84,332,34,10,47,24,85,135,0.253,6,41.2,3,2,49,2.16,1.01,2,0,2,5,10,regular,,,
2024,yahoo,13,BTA Boyz,The Lonely Bin,Me So Heorny,Me so Hoerny,61,256,26,6,24,18,63,92,0.238,2,40.2,3,3,43,5.31,1.4,2,0,2,4,11,regular,,,
2024,yahoo,13,Dixon Cider,Dixon Cider,Goodyear Gila Monsters,Goodyear Gila Monsters,72,285,53,18,52,43,76,147,0.253,5,70.0,2,5,74,3.86,1.2,6,1,2,8,5,regular,,,
2024,yahoo,13,Goodyear Gila Monsters,Goodyear Gila Monsters,Dixon Cider,Dixon Cider,100,355,60,12,51,31,86,168,0.282,5,64.0,3,3,52,4.22,1.22,5,1,2,5,8,regular,,,
2024,yahoo,13,Gunnarrhea,Gunnarrhea,BB's Bold Team,BB's Bold Team,95,310,56,19,54,27,76,180,0.306,5,95.1,7,5,103,4.15,1.12,7,0,1,10,5,regular,,,
2024,yahoo,13,John's Super Team,John's Super Team,Mactown MacDaddies,Mactown MacDaddies,77,299,52,14,44,38,58,129,0.258,4,63.0,5,1,51,2.43,0.98,6,0,10,12,2,regular,,,
2024,yahoo,13,Mactown MacDaddies,Mactown MacDaddies,John's Super Team,John's Super Team,76,292,29,10,44,24,72,128,0.26,3,59.0,1,6,54,5.95,1.54,3,0,9,2,12,regular,,,
2024,yahoo,13,Me So Heorny,Me so Hoerny,BTA Boyz,The Lonely Bin,75,329,40,12,36,42,92,121,0.228,4,74.0,2,3,71,4.01,1.3,5,1,5,11,4,regular,,,
2024,yahoo,13,This Is Mizerable,I have a Bohmer,You Don't Know Bo,You Don't Kno Bo,75,296,44,11,55,28,60,133,0.253,8,45.0,3,5,41,3.8,1.24,3,0,1,11,5,regular,,,
2024,yahoo,13,You Don't Know Bo,You Don't Kno Bo,This Is Mizerable,I have a Bohmer,62,252,34,7,26,20,63,107,0.246,3,42.1,2,2,54,3.4,1.2,5,1,0,5,11,regular,,,
2024,yahoo,14,BB's Bold Team,BB's Bold Team,Goodyear Gila Monsters,Goodyear Gila Monsters,81,295,38,13,43,31,53,131,0.275,9,46.1,3,4,49,3.88,1.17,3,1,5,4,10,regular,,,
2024,yahoo,14,BTA Boyz,The Lonely Bin,This Is Mizerable,I have a Bohmer,71,277,37,11,32,22,71,118,0.256,4,35.1,3,0,36,2.8,1.13,4,0,4,6,10,regular,,,
2024,yahoo,14,Dixon Cider,Dixon Cider,John's Super Team,John's Super Team,73,298,48,15,43,27,80,136,0.245,9,66.0,2,2,63,3.27,1.21,6,1,1,8,8,regular,,,
2024,yahoo,14,Goodyear Gila Monsters,Goodyear Gila Monsters,BB's Bold Team,BB's Bold Team,84,298,47,15,35,31,81,147,0.282,8,73.0,6,3,83,3.82,1.18,5,0,5,10,4,regular,,,
2024,yahoo,14,Gunnarrhea,Gunnarrhea,Me So Heorny,Me so Hoerny,87,312,45,11,52,29,90,137,0.279,6,97.2,4,9,102,5.53,1.24,6,0,7,5,10,regular,,,
2024,yahoo,14,John's Super Team,John's Super Team,Dixon Cider,Dixon Cider,77,306,49,11,44,31,76,128,0.252,5,57.0,3,4,66,5.84,1.37,3,3,7,8,8,regular,,,
2024,yahoo,14,Mactown MacDaddies,Mactown MacDaddies,You Don't Know Bo,You Don't Kno Bo,75,265,46,12,44,30,56,128,0.283,4,55.2,6,5,50,3.23,1.22,5,2,2,11,4,regular,,,
2024,yahoo,14,Me So Heorny,Me so Hoerny,Gunnarrhea,Gunnarrhea,79,311,40,16,54,30,79,146,0.254,1,98.1,5,5,100,3.94,1.15,7,0,4,10,5,regular,,,
2024,yahoo,14,This Is Mizerable,I have a Bohmer,BTA Boyz,The Lonely Bin,88,306,54,20,52,32,67,171,0.288,1,54.0,6,2,54,4.17,1.24,3,2,5,10,6,regular,,,
2024,yahoo,14,You Don't Know Bo,You Don't Kno Bo,Mactown MacDaddies,Mactown MacDaddies,64,260,33,10,32,27,65,102,0.246,3,56.0,3,4,56,4.18,1.21,5,1,1,4,11,regular,,,
2024,yahoo,15,BB's Bold Team,BB's Bold Team,Me So Heorny,Me so Hoerny,105,446,58,20,69,52,98,181,0.235,4,68.1,8,4,70,2.37,1.08,6,0,10,10,6,regular,,,
2024,yahoo,15,BTA Boyz,The Lonely Bin,Mactown MacDaddies,Mactown MacDaddies,88,391,34,11,44,44,95,143,0.225,8,75.2,7,3,77,4.4,1.22,6,1,5,6,9,regular,,,
2024,yahoo,15,Dixon Cider,Dixon Cider,You Don't Know Bo,You Don't Kno Bo,122,449,67,28,77,43,120,232,0.272,17,121.2,8,6,117,1.78,0.95,11,1,6,13,3,regular,,,
2024,yahoo,15,Goodyear Gila Monsters,Goodyear Gila Monsters,John's Super Team,John's Super Team,122,456,54,14,51,46,114,197,0.268,14,106.1,6,5,91,3.64,1.12,10,1,2,9,7,regular,,,
2024,yahoo,15,Gunnarrhea,Gunnarrhea,This Is Mizerable,I have a Bohmer,113,447,57,20,57,29,120,190,0.253,-1,125.0,7,8,141,3.96,1.17,8,0,10,11,4,regular,,,
2024,yahoo,15,John's Super Team,John's Super Team,Goodyear Gila Monsters,Goodyear Gila Monsters,137,464,69,20,70,47,121,236,0.295,7,87.1,3,6,75,4.84,1.33,5,2,9,7,9,regular,,,
2024,yahoo,15,Mactown MacDaddies,Mactown MacDaddies,BTA Boyz,The Lonely Bin,98,398,55,17,58,49,87,170,0.246,6,91.1,8,4,80,5.62,1.42,3,1,3,9,6,regular,,,
2024,yahoo,15,Me So Heorny,Me so Hoerny,BB's Bold Team,BB's Bold Team,127,490,60,25,57,43,125,220,0.259,-1,128.1,6,11,124,4.98,1.24,8,1,5,6,10,regular,,,
2024,yahoo,15,This Is Mizerable,I have a Bohmer,Gunnarrhea,Gunnarrhea,105,430,45,14,52,39,95,170,0.244,7,100.0,5,8,85,3.69,1.29,4,1,8,4,11,regular,,,
2024,yahoo,15,You Don't Know Bo,You Don't Kno Bo,Dixon Cider,Dixon Cider,118,447,62,19,47,32,115,201,0.264,7,78.0,5,4,76,4.5,1.26,6,0,2,3,13,regular,,,
2024,yahoo,16,BB's Bold Team,BB's Bold Team,This Is Mizerable,I have a Bohmer,79,322,51,17,53,35,79,150,0.245,8,68.0,8,4,73,3.18,1.1,5,0,4,10,6,regular,,,
2024,yahoo,16,BTA Boyz,The Lonely Bin,John's Super Team,John's Super Team,73,314,38,11,28,23,89,128,0.232,2,44.0,4,1,50,4.7,1.36,3,0,6,6,9,regular,,,
2024,yahoo,16,Dixon Cider,Dixon Cider,Goodyear Gila Monsters,Goodyear Gila Monsters,94,320,57,17,55,38,77,165,0.294,4,83.1,6,5,90,4.32,1.28,9,0,5,8,8,regular,,,
2024,yahoo,16,Goodyear Gila Monsters,Goodyear Gila Monsters,Dixon Cider,Dixon Cider,82,332,48,8,49,26,110,132,0.247,12,71.0,3,6,80,4.82,1.42,8,0,4,8,8,regular,,,
2024,yahoo,16,Gunnarrhea,Gunnarrhea,You Don't Know Bo,You Don't Kno Bo,89,312,47,10,28,37,86,128,0.285,9,96.1,8,8,96,4.11,1.29,6,2,2,6,8,regular,,,
2024,yahoo,16,John's Super Team,John's Super Team,BTA Boyz,The Lonely Bin,96,324,51,16,39,29,65,162,0.296,6,64.1,5,7,63,4.34,1.34,4,0,5,9,6,regular,,,
2024,yahoo,16,Mactown MacDaddies,Mactown MacDaddies,Me So Heorny,Me so Hoerny,81,291,38,17,39,40,70,147,0.278,1,57.1,3,5,50,3.77,1.2,3,0,4,6,9,regular,,,
2024,yahoo,16,Me So Heorny,Me so Hoerny,Mactown MacDaddies,Mactown MacDaddies,84,317,51,12,49,45,86,132,0.265,1,97.1,8,5,104,3.61,1.15,9,0,8,9,6,regular,,,
2024,yahoo,16,This Is Mizerable,I have a Bohmer,BB's Bold Team,BB's Bold Team,70,310,32,10,33,38,100,119,0.226,3,77.2,5,6,80,2.44,1.22,9,0,2,6,10,regular,,,
2024,yahoo,16,You Don't Know Bo,You Don't Kno Bo,Gunnarrhea,Gunnarrhea,80,314,45,12,34,29,80,133,0.255,4,62.0,4,3,60,3.34,1.06,4,0,4,8,6,regular,,,
2024,yahoo,17,Gunnarrhea,Gunnarrhea,Dixon Cider,Dixon Cider,85,312,50,8,43,32,85,131,0.272,1,68.2,6,2,69,3.54,1.09,6,0,4,8,8,regular,,,
2024,yahoo,17,Dixon Cider,Dixon Cider,Gunnarrhea,Gunnarrhea,78,306,67,21,54,34,70,159,0.255,9,82.2,5,4,101,4.9,1.26,3,2,2,8,8,regular,,,
2024,yahoo,17,Me So Heorny,Me so Hoerny,This Is Mizerable,I have a Bohmer,71,336,46,14,42,22,83,124,0.211,3,72.0,4,5,72,5.38,1.35,4,1,6,7,9,regular,,,
2024,yahoo,17,This Is Mizerable,I have a Bohmer,Me So Heorny,Me so Hoerny,87,311,52,11,45,24,74,148,0.28,6,51.0,2,3,48,6.0,1.41,2,0,5,9,7,regular,,,
2024,yahoo,17,You Don't Know Bo,You Don't Kno Bo,Goodyear Gila Monsters,Goodyear Gila Monsters,71,288,48,14,37,34,74,128,0.247,3,47.1,2,2,40,3.23,1.14,2,1,2,7,8,regular,,,
2024,yahoo,17,Goodyear Gila Monsters,Goodyear Gila Monsters,You Don't Know Bo,You Don't Kno Bo,74,281,50,12,40,34,83,123,0.263,10,75.0,4,6,79,5.52,1.32,5,0,0,8,7,regular,,,
2024,yahoo,17,Mactown MacDaddies,Mactown MacDaddies,BB's Bold Team,BB's Bold Team,76,271,36,10,36,26,69,126,0.28,4,55.2,1,6,49,6.79,1.65,2,1,3,3,12,regular,,,
2024,yahoo,17,BB's Bold Team,BB's Bold Team,Mactown MacDaddies,Mactown MacDaddies,78,317,48,18,52,24,65,140,0.246,5,38.0,2,3,43,4.74,1.05,2,0,4,12,3,regular,,,
2024,yahoo,17,John's Super Team,John's Super Team,BTA Boyz,The Lonely Bin,98,308,54,19,55,32,72,179,0.318,3,42.0,6,2,47,4.71,1.45,3,0,3,8,6,regular,,,
2024,yahoo,17,BTA Boyz,The Lonely Bin,John's Super Team,John's Super Team,70,279,46,11,40,34,62,123,0.251,4,48.1,5,1,45,3.54,1.18,3,0,0,6,8,regular,,,
2024,yahoo,18,Gunnarrhea,Gunnarrhea,John's Super Team,John's Super Team,80,309,41,11,36,27,61,129,0.259,10,84.1,4,5,85,4.27,1.23,5,0,6,9,6,regular,,,
2024,yahoo,18,John's Super Team,John's Super Team,Gunnarrhea,Gunnarrhea,77,335,43,23,60,28,85,158,0.23,5,40.1,3,2,42,5.58,1.31,3,0,3,6,9,regular,,,
2024,yahoo,18,Me So Heorny,Me so Hoerny,Mactown MacDaddies,Mactown MacDaddies,84,311,38,11,38,36,84,130,0.27,7,74.1,2,6,73,3.75,1.49,4,0,7,9,5,regular,,,
2024,yahoo,18,Mactown MacDaddies,Mactown MacDaddies,Me So Heorny,Me so Hoerny,71,295,38,10,48,26,83,122,0.241,4,41.0,5,3,43,4.83,1.44,3,2,7,5,9,regular,,,
2024,yahoo,18,You Don't Know Bo,You Don't Kno Bo,BTA Boyz,The Lonely Bin,69,282,40,9,25,31,75,112,0.245,2,49.2,1,5,47,5.07,1.53,1,0,2,2,12,regular,,,
2024,yahoo,18,BTA Boyz,The Lonely Bin,You Don't Know Bo,You Don't Kno Bo,73,253,47,12,36,22,63,135,0.289,6,47.0,4,2,50,4.4,1.28,1,0,1,12,2,regular,,,
2024,yahoo,18,Dixon Cider,Dixon Cider,BB's Bold Team,BB's Bold Team,83,306,60,30,63,40,75,183,0.271,6,59.0,5,1,62,2.44,1.03,7,0,3,12,3,regular,,,
2024,yahoo,18,BB's Bold Team,BB's Bold Team,Dixon Cider,Dixon Cider,88,318,48,10,29,24,76,138,0.277,8,41.0,4,3,40,4.39,1.51,2,0,5,3,12,regular,,,
2024,yahoo,18,Goodyear Gila Monsters,Goodyear Gila Monsters,This Is Mizerable,I have a Bohmer,106,336,57,21,76,32,85,200,0.315,5,80.2,9,3,86,3.57,1.13,7,1,6,13,3,regular,,,
2024,yahoo,18,This Is Mizerable,I have a Bohmer,Goodyear Gila Monsters,Goodyear Gila Monsters,88,320,52,8,35,24,50,140,0.275,12,61.0,3,4,53,5.61,1.51,1,0,5,3,13,regular,,,
2024,yahoo,19,Gunnarrhea,Gunnarrhea,You Don't Know Bo,You Don't Kno Bo,77,300,40,13,44,24,74,134,0.257,-2,79.1,6,3,78,3.06,1.13,6,0,5,14,1,regular,,,
2024,yahoo,19,You Don't Know Bo,You Don't Kno Bo,Gunnarrhea,Gunnarrhea,59,259,29,8,26,24,80,91,0.228,0,53.2,3,4,46,3.52,1.25,4,1,4,1,14,regular,,,
2024,yahoo,19,Me So Heorny,Me so Hoerny,Dixon Cider,Dixon Cider,76,319,35,9,26,24,86,114,0.238,7,96.2,3,7,99,4.38,1.29,7,1,6,6,10,regular,,,
2024,yahoo,19,Dixon Cider,Dixon Cider,Me So Heorny,Me so Hoerny,68,288,55,17,40,36,76,133,0.236,12,68.0,4,6,81,4.5,1.16,3,3,1,10,6,regular,,,
2024,yahoo,19,Mactown MacDaddies,Mactown MacDaddies,This Is Mizerable,I have a Bohmer,66,265,33,9,24,18,62,105,0.249,4,52.2,3,4,48,4.1,1.16,4,1,5,2,13,regular,,,
2024,yahoo,19,This Is Mizerable,I have a Bohmer,Mactown MacDaddies,Mactown MacDaddies,81,306,36,13,35,26,66,140,0.265,4,65.2,5,3,70,3.02,1.13,7,2,8,13,2,regular,,,
2024,yahoo,19,BB's Bold Team,BB's Bold Team,John's Super Team,John's Super Team,71,290,42,7,39,29,53,108,0.245,8,58.0,2,7,69,4.97,1.31,2,2,3,5,9,regular,,,
2024,yahoo,19,John's Super Team,John's Super Team,BB's Bold Team,BB's Bold Team,77,309,42,15,44,22,77,140,0.249,5,64.2,5,3,77,5.15,1.14,4,2,2,9,5,regular,,,
2024,yahoo,19,Goodyear Gila Monsters,Goodyear Gila Monsters,BTA Boyz,The Lonely Bin,71,286,38,12,32,35,75,124,0.248,2,76.1,5,5,75,4.01,1.15,6,0,5,5,7,regular,,,
2024,yahoo,19,BTA Boyz,The Lonely Bin,Goodyear Gila Monsters,Goodyear Gila Monsters,67,274,38,14,38,35,64,123,0.245,4,51.1,5,1,63,1.93,0.95,4,0,3,7,5,regular,,,
2024,yahoo,20,Gunnarrhea,Gunnarrhea,BTA Boyz,The Lonely Bin,66,326,42,14,48,25,82,123,0.202,8,78.0,6,5,74,2.77,1.1,6,1,1,7,8,regular,,,
2024,yahoo,20,BTA Boyz,The Lonely Bin,Gunnarrhea,Gunnarrhea,63,249,30,5,23,26,74,95,0.253,8,32.0,3,2,37,2.25,1.06,3,0,2,8,7,regular,,,
2024,yahoo,20,Me So Heorny,Me so Hoerny,John's Super Team,John's Super Team,78,302,36,10,41,27,71,128,0.258,6,80.0,5,7,77,3.94,1.18,7,1,6,7,8,regular,,,
2024,yahoo,20,John's Super Team,John's Super Team,Me So Heorny,Me so Hoerny,68,291,43,14,37,39,65,123,0.234,7,58.1,5,2,59,3.39,1.29,3,0,3,8,7,regular,,,
2024,yahoo,20,You Don't Know Bo,You Don't Kno Bo,BB's Bold Team,BB's Bold Team,77,312,44,9,33,23,80,125,0.247,8,52.1,4,2,47,4.13,1.28,4,0,2,10,5,regular,,,
2024,yahoo,20,BB's Bold Team,BB's Bold Team,You Don't Know Bo,You Don't Kno Bo,69,312,33,6,27,31,70,107,0.221,2,47.2,5,6,53,4.72,1.26,3,1,2,5,10,regular,,,
2024,yahoo,20,Mactown MacDaddies,Mactown MacDaddies,Goodyear Gila Monsters,Goodyear Gila Monsters,65,276,37,8,33,24,83,112,0.236,2,60.2,4,5,56,4.9,1.32,2,1,4,0,14,regular,,,
2024,yahoo,20,Goodyear Gila Monsters,Goodyear Gila Monsters,Mactown MacDaddies,Mactown MacDaddies,85,313,59,17,51,31,61,153,0.272,9,76.0,4,2,85,4.26,1.17,4,1,5,14,0,regular,,,
2024,yahoo,20,Dixon Cider,Dixon Cider,This Is Mizerable,I have a Bohmer,73,303,41,11,45,31,80,128,0.241,4,66.1,5,3,71,4.07,1.18,5,1,3,3,12,regular,,,
2024,yahoo,20,This Is Mizerable,I have a Bohmer,Dixon Cider,Dixon Cider,85,307,47,15,53,24,64,151,0.277,3,60.2,5,2,64,2.37,0.94,6,0,7,12,3,regular,,,
2024,yahoo,21,Gunnarrhea,Gunnarrhea,Goodyear Gila Monsters,Goodyear Gila Monsters,86,319,42,12,41,28,80,142,0.27,13,72.1,5,4,72,4.73,1.26,4,2,3,4,11,regular,,,
2024,yahoo,21,Goodyear Gila Monsters,Goodyear Gila Monsters,Gunnarrhea,Gunnarrhea,88,333,54,14,46,36,81,152,0.264,4,93.2,4,4,101,3.56,1.15,6,0,9,11,4,regular,,,
2024,yahoo,21,Me So Heorny,Me so Hoerny,You Don't Know Bo,You Don't Kno Bo,86,344,51,10,52,27,90,136,0.25,5,67.1,7,2,60,3.88,1.28,4,1,7,12,3,regular,,,
2024,yahoo,21,You Don't Know Bo,You Don't Kno Bo,Me So Heorny,Me so Hoerny,64,280,40,12,40,21,81,116,0.229,1,34.2,2,2,41,4.93,1.47,2,0,2,3,12,regular,,,
2024,yahoo,21,Mactown MacDaddies,Mactown MacDaddies,Dixon Cider,Dixon Cider,80,284,42,13,32,27,67,139,0.282,11,40.1,2,4,39,4.24,1.07,1,1,7,6,10,regular,,,
2024,yahoo,21,Dixon Cider,Dixon Cider,Mactown MacDaddies,Mactown MacDaddies,84,319,51,23,56,25,88,170,0.263,12,84.2,4,8,99,4.15,1.2,5,0,2,10,6,regular,,,
2024,yahoo,21,BB's Bold Team,BB's Bold Team,BTA Boyz,The Lonely Bin,100,313,58,15,39,26,64,158,0.319,13,37.0,2,3,38,6.08,1.32,3,1,7,10,4,regular,,,
2024,yahoo,21,BTA Boyz,The Lonely Bin,BB's Bold Team,BB's Bold Team,61,257,42,8,35,30,64,97,0.237,4,32.2,1,1,38,3.86,1.07,1,2,2,4,10,regular,,,
2024,yahoo,21,John's Super Team,John's Super Team,This Is Mizerable,I have a Bohmer,89,346,47,15,51,29,69,154,0.257,5,64.2,2,4,59,4.45,1.3,3,0,3,8,8,regular,,,
2024,yahoo,21,This Is Mizerable,I have a Bohmer,John's Super Team,John's Super Team,80,314,41,6,42,31,77,115,0.255,8,67.2,8,5,68,3.33,1.08,7,4,4,8,8,regular,,,
2024,yahoo,22,Gunnarrhea,Gunnarrhea,BB's Bold Team,BB's Bold Team,78,301,39,7,23,22,76,119,0.259,4,71.2,4,6,74,4.14,1.26,5,0,3,6,8,regular,,,
2024,yahoo,22,BB's Bold Team,BB's Bold Team,Gunnarrhea,Gunnarrhea,77,305,42,8,43,29,77,118,0.252,4,53.2,3,5,65,3.02,0.93,4,0,8,8,6,regular,,,
2024,yahoo,22,Me So Heorny,Me so Hoerny,BTA Boyz,The Lonely Bin,58,292,29,10,31,26,81,107,0.199,3,47.0,4,4,58,4.4,1.17,5,0,2,7,6,regular,,,
2024,yahoo,22,BTA Boyz,The Lonely Bin,Me So Heorny,Me so Hoerny,42,187,26,8,20,25,51,73,0.225,3,40.0,4,1,49,1.58,0.95,4,0,3,6,7,regular,,,
2024,yahoo,22,You Don't Know Bo,You Don't Kno Bo,This Is Mizerable,I have a Bohmer,63,249,34,7,28,26,64,93,0.253,0,36.2,2,3,31,1.96,0.87,4,0,1,8,6,regular,,,
2024,yahoo,22,This Is Mizerable,I have a Bohmer,You Don't Know Bo,You Don't Kno Bo,63,261,29,8,33,24,71,99,0.241,4,59.1,2,7,72,5.46,1.43,4,2,4,6,8,regular,,,
2024,yahoo,22,Mactown MacDaddies,Mactown MacDaddies,John's Super Team,John's Super Team,88,303,40,11,45,25,72,141,0.29,-3,43.2,4,2,39,2.27,1.31,3,1,1,5,9,regular,,,
2024,yahoo,22,John's Super Team,John's Super Team,Mactown MacDaddies,Mactown MacDaddies,67,292,43,13,45,35,69,119,0.229,11,50.2,5,2,51,2.66,1.38,4,2,3,9,5,regular,,,
2024,yahoo,22,Dixon Cider,Dixon Cider,Goodyear Gila Monsters,Goodyear Gila Monsters,74,313,38,11,42,31,88,128,0.236,10,71.2,6,3,69,3.14,1.12,8,0,0,10,4,regular,,,
2024,yahoo,22,Goodyear Gila Monsters,Goodyear Gila Monsters,Dixon Cider,Dixon Cider,73,317,36,4,28,25,76,104,0.23,9,92.2,6,4,99,3.3,0.98,6,0,6,4,10,regular,,,
2024,yahoo,23,Gunnarrhea,Gunnarrhea,Me So Heorny,Me so Hoerny,72,278,35,11,37,33,58,119,0.259,6,79.1,5,4,87,3.18,1.12,5,0,5,9,4,playoffs,Round 1,,
2024,yahoo,23,Me So Heorny,Me so Hoerny,Gunnarrhea,Gunnarrhea,61,302,28,8,37,33,62,92,0.202,1,105.2,7,7,99,3.49,1.1,8,0,4,4,9,playoffs,Round 1,,
2024,yahoo,23,Dixon Cider,Dixon Cider,BB's Bold Team,BB's Bold Team,71,300,47,14,44,39,77,139,0.237,8,73.2,8,3,68,4.03,1.32,6,2,5,5,10,playoffs,Round 1,,
2024,yahoo,23,BB's Bold Team,BB's Bold Team,Dixon Cider,Dixon Cider,92,313,43,17,45,32,74,151,0.294,10,57.1,2,3,67,2.67,1.13,5,0,6,10,5,playoffs,Round 1,,
2024,yahoo,23,John's Super Team,John's Super Team,This Is Mizerable,I have a Bohmer,88,317,51,20,61,23,81,163,0.278,4,53.0,6,1,45,2.89,1.13,3,1,3,9,5,playoffs,Round 1,,
2024,yahoo,23,This Is Mizerable,I have a Bohmer,John's Super Team,John's Super Team,79,303,38,6,32,28,81,118,0.261,8,54.0,3,5,60,3.67,1.22,5,0,3,5,9,playoffs,Round 1,,
2024,yahoo,23,Goodyear Gila Monsters,Goodyear Gila Monsters,BTA Boyz,The Lonely Bin,91,311,47,14,60,38,91,154,0.293,3,69.2,2,6,77,3.75,1.25,3,0,6,10,3,playoffs,Round 1,,
2024,yahoo,23,BTA Boyz,The Lonely Bin,Goodyear Gila Monsters,Goodyear Gila Monsters,57,242,35,10,32,27,62,102,0.236,7,58.2,2,3,63,3.84,1.3,3,0,2,3,10,playoffs,Round 1,,
2024,yahoo,24,Gunnarrhea,Gunnarrhea,Goodyear Gila Monsters,Goodyear Gila Monsters,67,296,39,10,33,23,76,108,0.226,12,100.1,4,6,106,3.05,1.00,7,2,3,5,10,playoffs,Semifinals,,
2024,yahoo,24,Goodyear Gila Monsters,Goodyear Gila Monsters,Gunnarrhea,Gunnarrhea,86,328,51,18,48,43,97,158,0.262,7,94.2,7,6,109,3.71,1.12,6,0,4,10,5,playoffs,Semifinals,,
2024,yahoo,24,BB's Bold Team,BB's Bold Team,John's Super Team,John's Super Team,78,314,48,11,35,33,72,124,0.248,8,59.0,5,1,70,3.66,1.36,1,1,7,6,9,playoffs,Semifinals,,
2024,yahoo,24,John's Super Team,John's Super Team,BB's Bold Team,BB's Bold Team,88,343,49,14,41,26,92,150,0.257,11,59.2,4,4,66,3.02,1.21,4,1,4,9,6,playoffs,Semifinals,,
2024,yahoo,25,John's Super Team,John's Super Team,Goodyear Gila Monsters,Goodyear Gila Monsters,75,282,38,5,27,27,70,104,0.266,11,54.0,1,8,53,5.0,1.57,1,0,5,5,10,playoffs,Championship,,
2024,yahoo,25,Goodyear Gila Monsters,Goodyear Gila Monsters,John's Super Team,John's Super Team,80,321,35,9,36,36,92,131,0.249,7,69.1,5,5,63,2.73,1.01,4,0,3,10,5,playoffs,Championship,,
2024,yahoo,25,Gunnarrhea,Gunnarrhea,BB's Bold Team,BB's Bold Team,62,240,33,6,28,18,54,100,0.258,2,68.0,4,4,69,3.97,1.26,2,0,1,5,11,playoffs,Third Place,,
2024,yahoo,25,BB's Bold Team,BB's Bold Team,Gunnarrhea,Gunnarrhea,70,295,39,11,42,25,70,118,0.237,10,42.1,3,2,46,3.61,1.02,3,1,4,11,5,playoffs,Third Place,,
