week,team,opponent,AB,H,R,HR,RBI,BB,SO,NSB,AVG,TB,IP,ERA,WHIP,K,W,L,QS,NS,BAA,official_score_for,official_score_against
1,Dixon Cider,Gunnarrhea,447,96,65,17,61,62,123,5,0.215,172,99,3.18,1.081,127,9,6,4,0,0.188,9,7
1,Gunnarrhea,Dixon Cider,474,92,57,13,43,63,145,3,0.194,154,113.1,2.86,1.076,142,6,4,6,3,0.207,7,9
1,BTA Boyz,You Don't Know Bo,385,90,47,15,50,50,103,6,0.234,155,105,3.6,1.190,119,8,4,8,0,0.216,8,8
1,You Don't Know Bo,BTA Boyz,461,110,57,12,51,58,117,3,0.239,167,66,3.27,1.197,71,3,3,3,5,0.227,8,8
1,John's Super Team,BB's Bold Team,471,107,61,10,61,62,123,4,0.227,157,67.1,2.41,1.069,55,5,2,6,5,0.218,4.5,11.5
1,BB's Bold Team,John's Super Team,465,118,70,15,67,56,112,13,0.254,196,81.1,3.65,1.119,80,6,6,6,9,0.212,11.5,4.5
1,Mactown MacDaddies,Me So Heorny,435,100,65,27,67,52,119,5,0.230,195,77.1,5,1.397,80,3,4,3,4,0.257,8,8
1,Me So Heorny,Mactown MacDaddies,496,119,74,18,61,48,95,8,0.240,199,82.1,6.12,1.445,85,5,11,4,2,0.278,8,8
1,This Is Mizerable,Goodyear Gila Monsters,447,131,69,15,64,49,112,7,0.293,205,104.1,3.88,1.275,99,6,4,7,4,0.228,5.5,10.5
1,Goodyear Gila Monsters,This Is Mizerable,509,125,70,20,66,60,145,4,0.246,212,118,4.12,1.169,121,7,9,11,4,0.227,10.5,5.5
2,Gunnarrhea,This Is Mizerable,315,79,40,13,36,32,84,6,0.251,138,83.2,3.98,1.255,74,4,3,5,0,0.230,9.5,6.5
2,This Is Mizerable,Gunnarrhea,307,72,35,6,26,27,66,5,0.235,110,72,3,1.181,78,6,3,4,4,0.232,6.5,9.5
2,BB's Bold Team,Mactown MacDaddies,271,60,35,11,33,35,63,6,0.221,100,43.2,4.95,1.374,37,3,4,3,2,0.254,8.5,7.5
2,Mactown MacDaddies,BB's Bold Team,267,63,35,7,35,45,76,4,0.236,100,59.1,5.76,1.365,60,2,7,3,4,0.261,7.5,8.5
2,Dixon Cider,John's Super Team,300,66,43,11,36,52,67,15,0.220,112,64,3.8,1.219,67,2,4,5,2,0.214,7.5,8.5
2,John's Super Team,Dixon Cider,284,68,45,8,31,48,55,4,0.239,110,44.2,1.41,0.940,49,3,1,4,2,0.177,8.5,7.5
2,Goodyear Gila Monsters,BTA Boyz,322,89,50,14,52,47,77,20,0.276,155,65.1,5.23,1.423,75,4,6,5,1,0.271,8,8
2,BTA Boyz,Goodyear Gila Monsters,249,55,44,9,34,43,59,4,0.221,95,103.1,3.83,1.258,92,7,4,5,1,0.245,8,8
2,You Don't Know Bo,Me So Heorny,281,81,44,11,52,30,64,6,0.288,132,46.1,4.08,1.511,49,3,5,3,0,0.266,7.5,8.5
2,Me So Heorny,You Don't Know Bo,335,98,40,11,52,20,78,4,0.293,150,53.1,5.06,1.350,52,5,4,3,-1,0.264,8.5,7.5
3,John's Super Team,Gunnarrhea,318,76,46,16,42,30,75,-3,0.239,136,56.1,3.2,1.030,60,4,2,4,4,0.203,9,7
3,Gunnarrhea,John's Super Team,302,70,39,7,27,28,88,10,0.232,105,91,2.67,1.066,87,9,6,7,7,0.199,7,9
3,BTA Boyz,This Is Mizerable,255,66,41,12,43,31,67,0,0.259,118,108.2,3.4,1.049,95,7,5,10,1,0.207,12.5,3.5
3,This Is Mizerable,BTA Boyz,304,77,34,9,41,27,63,-2,0.253,125,73,4.81,1.479,76,2,5,3,2,0.274,3.5,12.5
3,Mactown MacDaddies,Dixon Cider,276,73,44,11,35,32,68,0,0.264,127,55.1,3.36,1.296,35,5,1,5,2,0.250,5.5,10.5
3,Dixon Cider,Mactown MacDaddies,305,78,65,16,36,48,73,9,0.256,145,84.1,3.74,1.174,92,5,6,9,0,0.196,10.5,5.5
3,Me So Heorny,Goodyear Gila Monsters,324,82,48,14,61,30,76,5,0.253,139,49.2,3.08,1.148,48,4,3,3,6,0.241,9,7
3,Goodyear Gila Monsters,Me So Heorny,325,83,55,13,50,38,98,7,0.255,140,55.1,5.53,1.482,55,3,5,4,5,0.267,7,9
3,You Don't Know Bo,BB's Bold Team,264,65,34,12,38,33,77,1,0.246,112,36,5.5,1.639,33,2,2,3,1,0.308,4.5,11.5
3,BB's Bold Team,You Don't Know Bo,325,83,48,10,30,39,79,3,0.255,132,72,3.88,1.347,76,4,4,6,1,0.252,11.5,4.5
4,Gunnarrhea,BTA Boyz,299,64,40,13,34,36,86,4,0.214,117,104.2,6.19,1.538,116,5,8,6,0,0.286,8.5,7.5
4,BTA Boyz,Gunnarrhea,277,65,38,6,34,23,77,4,0.235,103,89,4.65,1.393,82,5,6,5,-1,0.246,7.5,8.5
4,Dixon Cider,You Don't Know Bo,300,88,48,15,38,37,69,8,0.293,158,87,2.59,1.011,76,6,5,7,1,0.212,11.5,4.5
4,You Don't Know Bo,Dixon Cider,282,80,52,14,39,32,65,7,0.284,135,45,3.4,1.178,41,3,1,4,1,0.246,4.5,11.5
4,Goodyear Gila Monsters,BB's Bold Team,339,102,48,19,55,44,78,6,0.301,182,57,4.42,1.509,58,3,6,3,3,0.266,10,6
4,BB's Bold Team,Goodyear Gila Monsters,272,67,46,12,41,37,69,4,0.246,112,69.2,4.26,1.421,55,8,2,6,1,0.276,6,10
4,John's Super Team,Mactown MacDaddies,327,75,35,13,33,21,81,5,0.229,126,41.1,3.92,1.234,40,2,3,2,6,0.247,8.5,7.5
4,Mactown MacDaddies,John's Super Team,284,62,45,15,41,34,73,4,0.218,116,43.1,6.23,1.569,37,4,3,3,-1,0.290,7.5,8.5
4,This Is Mizerable,Me So Heorny,277,68,39,9,31,31,52,4,0.245,106,68.1,4.74,1.449,57,3,4,4,4,0.278,4,12
4,Me So Heorny,This Is Mizerable,347,99,52,15,59,32,61,4,0.285,162,60.2,3.26,1.220,50,2,1,5,4,0.248,12,4
5,Mactown MacDaddies,Gunnarrhea,274,75,39,10,31,45,74,-1,0.274,126,47.2,3.78,1.301,44,6,3,2,2,0.265,9,7
5,Gunnarrhea,Mactown MacDaddies,284,66,45,8,35,29,78,2,0.232,109,86,4.5,1.395,78,3,8,6,3,0.261,7,9
5,BB's Bold Team,This Is Mizerable,292,87,47,12,55,31,46,0,0.298,141,52,2.6,1.269,41,3,3,5,3,0.233,9.5,6.5
5,This Is Mizerable,BB's Bold Team,258,69,37,8,30,40,52,5,0.267,112,56.1,3.04,1.207,64,4,3,3,7,0.234,6.5,9.5
5,Goodyear Gila Monsters,Dixon Cider,334,78,46,12,39,38,99,8,0.234,133,61.2,3.06,1.249,64,3,2,5,2,0.254,14,2
5,Dixon Cider,Goodyear Gila Monsters,280,56,33,11,24,33,81,5,0.200,99,49.2,3.62,1.409,57,2,3,4,0,0.247,2,14
5,Me So Heorny,BTA Boyz,320,96,52,13,47,31,58,2,0.300,161,72,3.13,1.181,85,6,3,7,1,0.231,12,4
5,BTA Boyz,Me So Heorny,236,67,30,4,27,33,52,5,0.284,89,74.1,6.54,1.628,81,2,7,5,2,0.290,4,12
5,You Don't Know Bo,John's Super Team,273,70,41,9,31,33,84,2,0.256,110,37.2,3.11,1.115,39,1,4,4,2,0.233,0.5,15.5
5,John's Super Team,You Don't Know Bo,311,90,51,15,48,35,73,2,0.289,160,55.2,2.75,1.060,55,5,2,5,3,0.201,15.5,0.5
6,Gunnarrhea,Me So Heorny,287,71,35,8,31,27,77,5,0.247,114,84.1,3.74,1.150,92,6,5,6,3,0.217,5.5,10.5
6,Me So Heorny,Gunnarrhea,317,78,35,12,50,32,69,5,0.246,135,58.1,3.55,1.046,58,4,2,4,3,0.197,10.5,5.5
6,BTA Boyz,BB's Bold Team,212,41,24,5,23,25,57,3,0.193,61,88.1,4.99,1.223,77,5,9,6,2,0.223,5.5,10.5
6,BB's Bold Team,BTA Boyz,300,70,36,12,39,26,69,8,0.233,120,69.1,3.89,1.154,70,5,2,4,-1,0.224,10.5,5.5
6,John's Super Team,Goodyear Gila Monsters,306,77,34,11,45,30,75,6,0.252,130,49.2,3.81,1.087,36,6,4,4,3,0.211,5.5,10.5
6,Goodyear Gila Monsters,John's Super Team,325,88,48,12,35,38,96,6,0.271,145,63.2,3.25,1.099,68,3,3,3,5,0.194,10.5,5.5
6,Mactown MacDaddies,You Don't Know Bo,291,66,39,20,52,30,89,3,0.227,142,65,2.49,1.154,66,2,2,3,2,0.236,12.5,3.5
6,You Don't Know Bo,Mactown MacDaddies,268,71,34,4,25,21,65,3,0.265,95,48.2,5.36,1.253,61,1,5,3,2,0.255,3.5,12.5
6,This Is Mizerable,Dixon Cider,321,64,43,11,37,36,73,9,0.199,110,64.2,2.92,1.191,69,5,3,3,7,0.195,6,10
6,Dixon Cider,This Is Mizerable,296,59,39,8,43,37,72,5,0.199,100,70.1,1.28,0.995,83,6,2,7,1,0.176,10,6
7,You Don't Know Bo,Gunnarrhea,278,78,51,14,47,31,69,9,0.281,133,51,4.41,1.255,41,3,3,3,0,0.260,11.5,4.5
7,Gunnarrhea,You Don't Know Bo,299,76,45,7,31,21,72,2,0.254,113,66.1,4.48,1.327,76,3,4,5,4,0.231,4.5,11.5
7,BB's Bold Team,Me So Heorny,301,79,41,15,53,25,68,5,0.262,140,66,2.59,0.955,77,5,2,5,4,0.208,10.5,5.5
7,Me So Heorny,BB's Bold Team,310,54,28,12,39,34,61,2,0.174,102,87.2,2.98,1.232,93,7,4,6,4,0.251,5.5,10.5
7,Dixon Cider,BTA Boyz,295,75,48,13,34,42,77,8,0.254,134,72.2,2.6,1.060,69,5,3,8,3,0.212,14,2
7,BTA Boyz,Dixon Cider,250,58,23,3,16,25,59,1,0.232,86,98.1,4.21,1.159,84,4,7,7,1,0.234,2,14
7,Goodyear Gila Monsters,Mactown MacDaddies,329,87,43,7,24,34,83,1,0.264,126,49.2,3.81,1.309,47,3,5,2,4,0.243,4.5,11.5
7,Mactown MacDaddies,Goodyear Gila Monsters,303,73,54,19,51,42,70,5,0.241,141,58,4.66,1.276,48,5,5,5,0,0.266,11.5,4.5
7,This Is Mizerable,John's Super Team,302,71,45,8,35,34,54,4,0.235,108,62.2,3.73,1.133,63,3,5,4,5,0.204,8,8
7,John's Super Team,This Is Mizerable,324,83,45,12,36,34,68,12,0.256,137,58,4.66,1.190,59,7,4,2,1,0.206,8,8
8,Gunnarrhea,BB's Bold Team,317,80,56,12,41,30,100,14,0.252,135,82.2,4.03,1.185,98,5,8,5,1,0.237,7.5,8.5
8,BB's Bold Team,Gunnarrhea,283,75,46,15,50,37,61,1,0.265,139,82.1,4.26,1.287,80,4,6,5,3,0.260,8.5,7.5
8,BTA Boyz,John's Super Team,241,68,40,11,37,25,63,3,0.282,113,64.1,3.78,1.212,73,2,7,5,1,0.228,5,11
8,John's Super Team,BTA Boyz,311,79,51,21,51,30,76,7,0.254,160,50,3.78,1.160,44,4,1,3,3,0.210,11,5
8,Mactown MacDaddies,This Is Mizerable,252,53,28,6,34,40,88,7,0.210,87,36,3.75,1.444,34,3,1,2,1,0.271,4,12
8,This Is Mizerable,Mactown MacDaddies,320,74,32,8,30,29,70,-2,0.231,117,44.1,3.45,1.128,53,5,1,2,11,0.229,12,4
8,Me So Heorny,Dixon Cider,297,73,29,9,34,29,53,-3,0.246,114,78.2,2.75,0.979,73,6,5,8,4,0.197,9.5,6.5
8,Dixon Cider,Me So Heorny,292,71,32,9,46,31,60,2,0.243,119,86,5.13,1.465,76,5,8,5,1,0.274,6.5,9.5
8,You Don't Know Bo,Goodyear Gila Monsters,264,71,37,8,35,25,65,8,0.269,109,42.2,4.85,1.336,40,3,4,3,1,0.232,4.5,11.5
8,Goodyear Gila Monsters,You Don't Know Bo,335,77,43,10,30,29,90,2,0.230,128,41.1,3.05,0.919,55,4,2,3,3,0.182,11.5,4.5
9,Goodyear Gila Monsters,Gunnarrhea,339,97,50,10,47,30,78,5,0.286,150,66.2,2.43,1.230,60,7,1,4,7,0.224,9.5,6.5
9,Gunnarrhea,Goodyear Gila Monsters,306,76,47,16,47,37,83,10,0.248,143,83.2,3.66,1.100,78,5,4,5,3,0.228,6.5,9.5
9,BTA Boyz,Mactown MacDaddies,257,64,38,11,38,26,70,5,0.249,111,78.2,3.89,1.233,91,4,7,5,0,0.255,2.5,13.5
9,Mactown MacDaddies,BTA Boyz,281,89,56,25,53,32,63,-1,0.317,176,59.2,2.56,1.022,46,6,1,5,2,0.205,13.5,2.5
9,Dixon Cider,BB's Bold Team,320,92,51,13,53,28,75,5,0.287,152,57.2,5.77,1.405,51,4,6,4,-1,0.226,6.5,9.5
9,BB's Bold Team,Dixon Cider,308,59,39,13,41,26,71,4,0.192,113,77.1,3.26,1.073,81,6,4,5,7,0.224,9.5,6.5
9,John's Super Team,Me So Heorny,301,79,50,16,44,32,72,3,0.262,142,53,5.26,1.547,55,5,4,2,1,0.290,7,9
9,Me So Heorny,John's Super Team,325,78,35,12,39,26,59,2,0.240,130,79.2,3.16,1.054,69,6,3,4,4,0.214,9,7
9,This Is Mizerable,You Don't Know Bo,312,94,45,13,45,33,60,6,0.301,161,59.1,3.49,1.213,66,3,2,4,5,0.257,10,6
9,You Don't Know Bo,This Is Mizerable,300,98,49,14,42,33,59,3,0.327,161,50.1,4.47,1.311,49,1,2,4,2,0.265,6,10
10,Gunnarrhea,Dixon Cider,308,87,45,12,40,29,100,4,0.282,142,73,4.32,1.219,74,4,4,3,4,0.236,7.5,8.5
10,Dixon Cider,Gunnarrhea,275,80,50,15,38,30,54,3,0.291,141,86.1,5.11,1.228,76,4,6,6,-1,0.232,8.5,7.5
10,BB's Bold Team,John's Super Team,332,91,44,17,51,18,83,9,0.274,160,77.2,2.78,1.004,62,9,2,8,3,0.225,12,4
10,John's Super Team,BB's Bold Team,314,68,44,13,36,27,74,8,0.217,120,50,6.3,1.760,47,1,2,2,5,0.296,4,12
10,Goodyear Gila Monsters,This Is Mizerable,336,97,52,10,42,35,92,11,0.289,152,57.1,4.55,1.430,61,4,4,1,7,0.269,9,7
10,This Is Mizerable,Goodyear Gila Monsters,287,69,43,10,46,33,59,4,0.240,117,55,2.78,1.291,54,3,4,3,5,0.233,7,9
10,Me So Heorny,Mactown MacDaddies,298,75,36,17,57,29,63,8,0.252,143,75.2,4.16,1.203,75,4,4,6,4,0.235,15,1
10,Mactown MacDaddies,Me So Heorny,276,59,35,7,24,32,82,4,0.214,92,47.2,6.8,1.699,39,0,8,2,1,0.316,1,15
10,You Don't Know Bo,BTA Boyz,291,63,32,9,32,34,76,5,0.216,105,56.2,3.02,0.918,61,4,1,5,2,0.178,10,6
10,BTA Boyz,You Don't Know Bo,255,56,36,9,34,30,61,3,0.220,97,73.1,5.57,1.453,71,4,7,1,1,0.285,6,10
11,This Is Mizerable,Gunnarrhea,289,74,44,12,44,35,71,10,0.256,125,67.2,3.72,1.212,71,5,4,2,7,0.217,12,4
11,Gunnarrhea,This Is Mizerable,292,68,48,15,40,31,84,2,0.233,122,81.1,5.09,1.303,69,5,4,5,2,0.253,4,12
11,BTA Boyz,Goodyear Gila Monsters,255,56,47,11,32,32,62,5,0.220,104,50.2,3.91,1.184,50,1,3,4,1,0.250,4,12
11,Goodyear Gila Monsters,BTA Boyz,311,95,46,16,48,32,57,4,0.305,163,54,3.17,1.037,55,3,4,4,7,0.234,12,4
11,John's Super Team,Dixon Cider,315,88,49,18,53,28,60,5,0.279,157,40.2,3.76,1.451,44,2,1,0,5,0.252,11,5
11,Dixon Cider,John's Super Team,298,86,42,16,48,36,66,5,0.289,150,66.2,5.8,1.665,60,2,3,3,1,0.281,5,11
11,Mactown MacDaddies,BB's Bold Team,260,69,40,14,39,34,70,2,0.265,127,46,5.28,1.348,39,2,3,4,2,0.266,4,12
11,BB's Bold Team,Mactown MacDaddies,309,75,45,17,55,31,79,9,0.243,147,75.1,4.3,1.168,69,4,4,5,4,0.247,12,4
11,Me So Heorny,You Don't Know Bo,299,77,40,11,36,24,58,3,0.258,127,77,3.16,1.065,76,5,4,5,3,0.220,9.5,6.5
11,You Don't Know Bo,Me So Heorny,309,82,50,12,34,34,85,3,0.265,133,48.1,4.28,1.262,53,4,3,4,0,0.240,6.5,9.5
12,Gunnarrhea,John's Super Team,296,72,50,17,41,24,77,3,0.243,141,61,4.57,1.295,65,6,3,4,7,0.242,8.5,7.5
12,John's Super Team,Gunnarrhea,304,79,39,18,48,23,69,4,0.260,147,50.1,3.04,1.430,45,4,3,3,3,0.254,7.5,8.5
12,BB's Bold Team,You Don't Know Bo,286,85,34,13,48,28,62,6,0.297,141,67.1,2.87,1.087,73,4,3,7,3,0.204,11.5,4.5
12,You Don't Know Bo,BB's Bold Team,280,74,34,10,42,29,67,8,0.264,119,50.2,4.62,1.184,48,6,2,2,1,0.227,4.5,11.5
12,Dixon Cider,Mactown MacDaddies,271,74,40,13,43,39,75,7,0.273,130,42,3.21,1.238,41,3,1,2,4,0.242,10,6
12,Mactown MacDaddies,Dixon Cider,224,61,40,16,44,26,59,1,0.272,122,57.1,6.44,1.552,54,3,6,3,-1,0.277,6,10
12,Goodyear Gila Monsters,Me So Heorny,324,87,58,16,60,40,74,7,0.269,153,49.2,1.81,0.805,59,2,1,4,8,0.176,13,3
12,Me So Heorny,Goodyear Gila Monsters,336,73,44,9,32,27,78,0,0.217,121,69,3.91,1.188,78,6,7,5,2,0.236,3,13
12,This Is Mizerable,BTA Boyz,284,75,48,15,41,27,67,0,0.264,134,57.2,3.9,1.266,60,4,5,4,4,0.233,11,5
12,BTA Boyz,This Is Mizerable,211,61,37,12,37,30,40,0,0.289,110,66.1,6.11,1.553,60,2,6,7,1,0.288,5,11
13,BTA Boyz,Gunnarrhea,237,65,38,11,44,24,55,5,0.274,114,73,5.18,1.301,66,3,5,3,1,0.272,3,13
13,Gunnarrhea,BTA Boyz,343,91,47,18,54,29,111,1,0.265,166,88.1,3.26,1.200,108,5,4,4,8,0.216,13,3
13,BB's Bold Team,Goodyear Gila Monsters,285,74,31,6,34,29,84,7,0.260,109,74.1,2.66,1.063,75,7,2,8,3,0.212,6.5,9.5
13,Goodyear Gila Monsters,BB's Bold Team,318,80,39,10,39,29,70,2,0.252,130,57.2,2.65,0.971,69,2,6,3,8,0.197,9.5,6.5
13,Mactown MacDaddies,John's Super Team,266,74,38,5,36,35,78,4,0.278,104,56.2,4.29,1.324,55,2,5,2,0,0.238,9,7
13,John's Super Team,Mactown MacDaddies,299,71,32,6,19,31,72,6,0.237,107,55,6.05,1.545,53,2,5,4,2,0.294,7,9
13,Me So Heorny,This Is Mizerable,325,74,47,12,43,27,65,2,0.228,133,64.2,1.67,1.036,79,6,1,5,3,0.200,12.5,3.5
13,This Is Mizerable,Me So Heorny,303,71,37,5,28,27,81,8,0.234,103,54.1,5.13,1.215,61,2,5,3,5,0.233,3.5,12.5
13,You Don't Know Bo,Dixon Cider,307,77,39,13,50,32,75,6,0.251,133,42.1,3.4,1.205,35,1,3,3,5,0.201,7.5,8.5
13,Dixon Cider,You Don't Know Bo,318,68,40,9,30,36,83,5,0.214,109,70,3.09,1.029,89,5,3,6,4,0.194,8.5,7.5
14,Gunnarrhea,Mactown MacDaddies,318,80,55,17,46,39,75,5,0.252,152,66,3.41,1.182,73,6,4,5,7,0.197,13,3
14,Mactown MacDaddies,Gunnarrhea,292,74,40,13,43,31,78,4,0.253,129,34,2.91,1.206,21,4,1,2,2,0.215,3,13
14,BTA Boyz,Me So Heorny,245,70,39,12,46,24,58,-1,0.286,114,55.1,4.55,1.247,53,5,3,2,1,0.254,3,13
14,Me So Heorny,BTA Boyz,339,87,54,16,57,38,70,-1,0.257,160,50,3.78,1.200,64,5,2,4,2,0.246,13,3
14,Dixon Cider,Goodyear Gila Monsters,296,68,40,16,52,37,79,3,0.230,127,79,4.56,1.316,81,5,6,8,1,0.248,8,8
14,Goodyear Gila Monsters,Dixon Cider,362,95,51,23,51,26,86,8,0.262,185,39,5.31,1.282,41,3,2,2,8,0.261,8,8
14,John's Super Team,You Don't Know Bo,286,74,49,15,44,35,73,5,0.259,128,61.2,4.82,1.362,55,2,5,3,3,0.266,7.5,8.5
14,You Don't Know Bo,John's Super Team,300,94,52,14,46,29,65,3,0.313,152,46.1,6.22,1.338,41,2,5,4,3,0.280,8.5,7.5
14,This Is Mizerable,BB's Bold Team,308,86,51,7,41,36,58,4,0.279,134,67,2.28,1.015,74,5,5,2,1,0.170,7.5,8.5
14,BB's Bold Team,This Is Mizerable,282,79,49,13,44,30,64,3,0.280,134,82.2,3.7,1.343,91,8,4,6,5,0.274,8.5,7.5
15,Me So Heorny,Gunnarrhea,327,87,47,14,45,31,74,0,0.266,144,74.2,1.93,1.004,94,6,2,6,7,0.187,6.5,9.5
15,Gunnarrhea,Me So Heorny,323,89,58,18,54,38,73,7,0.276,157,77,2.34,1.143,94,6,4,6,6,0.214,9.5,6.5
15,BB's Bold Team,BTA Boyz,313,80,50,13,43,32,60,6,0.256,138,71.2,4.14,1.270,70,3,5,5,6,0.270,10,6
15,BTA Boyz,BB's Bold Team,251,54,32,7,22,26,56,6,0.215,84,84.1,5.23,1.245,87,7,6,5,0,0.248,6,10
15,Dixon Cider,This Is Mizerable,322,86,52,19,49,35,78,6,0.267,156,61,3.39,1.344,53,2,3,5,1,0.209,7.5,8.5
15,This Is Mizerable,Dixon Cider,304,74,33,8,33,32,71,2,0.243,117,74.1,2.66,0.982,78,4,3,8,4,0.179,8.5,7.5
15,Goodyear Gila Monsters,John's Super Team,329,73,42,11,30,41,100,4,0.222,122,50,4.5,1.320,45,3,4,1,-1,0.253,5.5,10.5
15,John's Super Team,Goodyear Gila Monsters,322,70,38,11,37,34,81,6,0.217,117,49.1,4.2,1.176,34,4,2,2,3,0.229,10.5,5.5
15,You Don't Know Bo,Mactown MacDaddies,307,72,44,16,52,34,75,5,0.235,140,36.1,4.46,1.431,32,2,0,2,0,0.277,11.5,4.5
15,Mactown MacDaddies,You Don't Know Bo,292,71,33,7,25,38,85,0,0.243,106,38.2,5.59,1.474,25,2,4,3,2,0.285,4.5,11.5
16,Gunnarrhea,You Don't Know Bo,454,93,56,20,56,37,143,3,0.205,178,103.2,5.12,1.428,109,4,8,8,6,0.280,5,11
16,You Don't Know Bo,Gunnarrhea,477,120,57,11,44,42,103,8,0.252,179,86.2,2.8,1.177,86,5,4,6,2,0.241,11,5
16,BTA Boyz,Dixon Cider,392,91,43,3,29,43,90,6,0.232,121,97.1,4.9,1.325,103,5,5,8,-3,0.259,1.5,14.5
16,Dixon Cider,BTA Boyz,452,108,71,24,68,55,109,8,0.239,211,102.1,2.2,1.016,125,9,5,11,4,0.203,14.5,1.5
16,John's Super Team,This Is Mizerable,470,130,77,23,70,50,117,7,0.277,218,61.1,2.93,1.141,67,6,3,4,5,0.203,8,8
16,This Is Mizerable,John's Super Team,438,120,63,20,60,36,108,8,0.274,204,95.2,1.88,0.909,104,4,4,9,6,0.185,8,8
16,Mactown MacDaddies,Goodyear Gila Monsters,406,110,58,12,66,44,123,3,0.271,181,56.1,4.95,1.243,54,1,6,3,2,0.249,2,14
16,Goodyear Gila Monsters,Mactown MacDaddies,467,113,64,16,62,57,122,7,0.242,195,96,2.81,0.958,108,7,1,7,10,0.198,14,2
16,Me So Heorny,BB's Bold Team,470,119,74,25,71,57,120,7,0.253,211,100.2,4.29,1.162,107,5,7,7,5,0.244,14,2
16,BB's Bold Team,Me So Heorny,449,117,60,16,57,36,121,4,0.261,198,102,4.76,1.392,101,8,8,6,4,0.260,2,14
17,BB's Bold Team,Gunnarrhea,304,72,31,9,40,40,90,3,0.237,117,78,3.92,1.192,70,6,4,8,0,0.221,7.5,8.5
17,Gunnarrhea,BB's Bold Team,340,87,43,12,28,38,76,0,0.256,141,58,4.03,1.086,63,1,4,2,6,0.211,8.5,7.5
17,Dixon Cider,Me So Heorny,331,96,55,17,57,38,82,10,0.290,169,57.2,3.43,1.231,52,6,2,6,2,0.237,12.5,3.5
17,Me So Heorny,Dixon Cider,344,89,40,12,49,28,75,10,0.259,138,79.2,5.08,1.331,88,3,5,2,5,0.268,3.5,12.5
17,Goodyear Gila Monsters,You Don't Know Bo,332,86,56,15,44,43,83,8,0.259,159,65,2.91,1.015,62,4,2,7,6,0.215,15,1
17,You Don't Know Bo,Goodyear Gila Monsters,296,58,33,8,31,22,58,2,0.196,97,57.1,3.92,1.343,58,3,4,2,3,0.237,1,15
17,John's Super Team,BTA Boyz,323,77,33,7,28,34,77,11,0.238,114,55.1,3.9,1.337,66,3,1,3,9,0.248,6.5,9.5
17,BTA Boyz,John's Super Team,281,68,43,9,28,26,61,2,0.242,112,62,1.89,0.968,62,4,2,7,0,0.203,9.5,6.5
17,This Is Mizerable,Mactown MacDaddies,340,84,33,6,34,28,81,3,0.247,115,71.1,2.78,1.065,70,1,5,8,3,0.176,8,8
17,Mactown MacDaddies,This Is Mizerable,282,67,45,11,40,40,74,4,0.238,113,39.2,5.22,1.235,33,2,3,2,1,0.244,8,8
18,Gunnarrhea,Goodyear Gila Monsters,319,87,49,15,43,30,75,3,0.273,150,68,4.1,1.176,68,3,5,3,8,0.241,5,11
18,Goodyear Gila Monsters,Gunnarrhea,321,79,60,17,43,26,71,3,0.246,146,80.1,2.13,1.021,74,7,4,9,1,0.191,11,5
18,BB's Bold Team,Dixon Cider,275,67,50,13,42,32,71,6,0.244,117,65.1,3.99,1.393,77,7,5,4,1,0.255,8,8
18,Dixon Cider,BB's Bold Team,298,69,37,8,37,42,60,4,0.232,107,65,3.46,1.262,71,5,2,6,3,0.231,8,8
18,Mactown MacDaddies,BTA Boyz,285,69,41,12,38,48,84,4,0.242,116,41.1,4.79,1.524,40,3,3,2,2,0.299,8,8
18,BTA Boyz,Mactown MacDaddies,272,56,37,10,28,25,76,1,0.206,94,69.2,3.49,1.163,51,6,3,5,2,0.208,8,8
18,Me So Heorny,John's Super Team,309,76,33,9,33,29,87,6,0.246,120,69,3.26,1.188,79,3,5,5,5,0.227,9,7
18,John's Super Team,Me So Heorny,308,80,45,16,46,39,86,5,0.260,143,48.1,4.84,1.448,50,1,7,1,0,0.234,7,9
18,You Don't Know Bo,This Is Mizerable,294,82,34,7,33,25,55,3,0.279,120,41.1,3.05,1.065,48,4,2,2,2,0.197,7,9
18,This Is Mizerable,You Don't Know Bo,287,76,50,13,50,31,66,5,0.265,132,56.1,5.43,1.438,60,3,4,4,3,0.269,9,7
19,BTA Boyz,You Don't Know Bo,268,72,32,8,42,35,62,6,0.269,109,95.1,3.87,1.196,78,6,5,6,1,0.229,8.5,7.5
19,You Don't Know Bo,BTA Boyz,274,57,28,10,25,18,60,6,0.208,94,63.0,3.14,1.079,57,3,5,7,1,0.211,7.5,8.5
19,BB's Bold Team,John's Super Team,285,63,40,13,42,32,69,4,0.221,114,74.1,3.63,1.197,58,2,5,6,4,0.219,11,5
19,John's Super Team,BB's Bold Team,290,63,42,5,15,29,75,3,0.217,95,59.1,3.03,1.028,57,1,2,4,3,0.200,5,11
19,Gunnarrhea,Dixon Cider,282,78,48,13,44,37,62,3,0.277,139,74.1,3.51,1.063,72,5,5,5,2,0.206,10.5,5.5
19,Dixon Cider,Gunnarrhea,276,79,47,13,38,32,60,2,0.286,143,50.1,4.11,1.371,51,2,3,4,4,0.234,5.5,10.5
19,Mactown MacDaddies,Me So Heorny,293,80,41,10,41,40,68,5,0.273,132,42.1,3.19,1.181,32,4,0,3,2,0.234,8,8
19,Me So Heorny,Mactown MacDaddies,294,64,40,9,34,34,58,2,0.218,106,61.1,2.79,1.141,55,5,2,4,4,0.217,8,8
19,Goodyear Gila Monsters,This Is Mizerable,310,67,44,16,40,38,64,-1,0.216,127,68.2,4.33,1.296,78,2,6,5,9,0.268,8.5,7.5
19,This Is Mizerable,Goodyear Gila Monsters,304,64,35,6,27,36,63,1,0.211,95,67.0,2.96,1.104,64,4,3,5,3,0.187,7.5,8.5
20,Gunnarrhea,This Is Mizerable,314,74,43,9,29,38,81,-1,0.236,120,65.0,3.18,1.169,60,5,4,3,8,0.197,6.5,9.5
20,This Is Mizerable,Gunnarrhea,283,68,45,5,27,38,59,5,0.240,93,65.1,2.62,1.102,80,5,4,4,3,0.199,9.5,6.5
20,BB's Bold Team,Mactown MacDaddies,322,85,53,14,42,32,57,9,0.264,146,60.0,4.8,1.500,55,2,3,3,7,0.305,10.5,5.5
20,Mactown MacDaddies,BB's Bold Team,285,80,43,10,39,35,72,3,0.281,130,40.2,3.54,1.279,43,2,4,1,2,0.260,5.5,10.5
20,Dixon Cider,John's Super Team,296,72,42,11,31,40,73,5,0.243,118,57.0,2.84,1.404,58,3,2,5,1,0.243,14,2
20,John's Super Team,Dixon Cider,298,72,32,6,20,25,78,5,0.242,100,55.1,5.04,1.500,51,5,4,2,1,0.269,2,14
20,Goodyear Gila Monsters,BTA Boyz,354,108,58,19,68,32,87,7,0.305,190,57.1,4.24,1.395,67,4,4,3,5,0.261,10,6
20,BTA Boyz,Goodyear Gila Monsters,254,71,39,11,34,24,61,1,0.280,124,68.0,4.43,1.116,59,7,1,6,1,0.225,6,10
20,You Don't Know Bo,Me So Heorny,293,80,35,9,36,26,66,-1,0.273,125,54.1,3.31,1.123,63,3,3,4,7,0.237,13,3
20,Me So Heorny,You Don't Know Bo,336,76,34,8,39,19,82,2,0.226,113,61.2,6.71,1.589,65,1,5,1,6,0.279,3,13
